02cd34a85b24_png_jpg.rf.f0502ec3d3eed378cebd979628f91bba.jpg,1 8 44 631 602 
0a61bddab956_png_jpg.rf.bc5d50ceb3ea5a19b1799acf98d6a001.jpg,1 30 12 625 637 
0a85a1e8f9e9_png_jpg.rf.957da18f7f26c650edda4c82de0d40f0.jpg,1 0 19 602 636 
0cd31078cd08_png_jpg.rf.151b04b167594bca8626883f2a97d513.jpg,1 98 46 535 594 
0d8f60ed9280_png_jpg.rf.034cb411b66897fd60eec4803b58a00e.jpg,1 94 69 534 589 
0da09e3ce8f1_png_jpg.rf.eeda74f0253539277f53d09de759fe90.jpg,1 72 6 610 640 
0dc031c94225_png_jpg.rf.33f0c45351edebddb57046167eb125ea.jpg,1 27 12 623 639 
0f364b7d4384_png_jpg.rf.4f578184cde9ef7c1562ca1e71d59bec.jpg,1 31 16 610 640 
0fb560f9adb2_png_jpg.rf.1af58608bd457a67d53ea97e97a5b42d.jpg,1 10 10 598 640 
0fffa73e2402_png_jpg.rf.cf62ef10829baa0ccd9de7689ac80004.jpg,1 26 11 619 638 
1bb0ddfe753a_png_jpg.rf.916d6ee880506f04c51639e9c65294ad.jpg,1 23 11 617 638 
1fb455685328_png_jpg.rf.f418dad6519c27fcb0b057c2d8df5316.jpg,1 11 34 631 603 
2b5bb6d33959_png_jpg.rf.b6e0d730c7a75284318ab7b3ed25603b.jpg,1 97 47 531 593 
2ef955d6d9ff_png_jpg.rf.bea6e1a97953e65bdd2c86e01a06bb88.jpg,1 96 48 536 593 
3bf3085ac167_png_jpg.rf.c272c6c7593f678cd3f7dc8917401969.jpg,1 7 34 625 603 
4cae247d9909_png_jpg.rf.f0b3b933fca0701d5c5bde1b1d25a39e.jpg,1 13 35 632 602 
80e7cc0a0649_png_jpg.rf.9b64f6b25f875f982a7ca91226623618.jpg,1 0 15 620 637 
9fefe2b44795_png_jpg.rf.faa551b27885aa453d088de513bc852e.jpg,1 36 3 598 612 
